name,pdb_id,pubmed_id,resolution,uniprot,PFAM,CATH,receptor_chain,receptor_length,peptide_chain,peptide_length,sequence_alignment,stride,percent_exposed_alignment,cluster_number,binding_mode,size_of_binding_mode,core_ecr_alignment,longest_continuous_core,longest_continuous_ecr,corebinding_aa,exosite_aa,surface_aa,interior_aa,corebinding_ss,exosite_ss,surface_ss,interior_ss,unique_id,COREBINDING_aa,COREBINDING_ss,EXOSITE_aa,EXOSITE_ss,bfact,bs_loc_type,full_peptide_sequece,mean_seq_iden_in_bm,mean_seq_iden_not_bm,min_dist_E_C_diff_bm,occupancy,pep_loc_type,title
3AV9_AB_Y_24_1.pdb,3AV9,21850718,1.70,P12497,PF00665,3.30.420.10,AB,300,Y,8,SAKIDNLD,CCBTTBTC,23100014,24,1,16,CCCCCCCC,8,0,A:0;D:0;E:0;H:0;L:0;M:0;Q:0;T:0;W:0,A:0;D:0;E:0;H:0;L:0;M:0;Q:0;T:0;W:0,D:1;E:1;G:7;H:3;I:2;K:9;P:4;Q:8;R:2;S:4;T:5;W:2;Y:4,A:26;C:4;D:10;E:18;F:6;G:17;H:8;I:26;K:13;L:15;M:3;N:10;P:6;Q:8;R:6;S:12;T:12;V:26;W:5;Y:4,G:0;H:0;T:0,G:0;H:0;T:0,B:2;C:9;E:4;G:2;H:21;T:14,B:2;C:27;E:56;G:2;H:123;T:25,24_1,A:2;D:1;E:1;H:1;L:1;M:1;Q:2;T:3;W:1,G:2;H:8;T:3,A:0;D:0;E:0;H:0;L:0;M:0;Q:0;T:0;W:0,G:0;H:0;T:0,88666778,ALA_114_B_COREBINDING;ALA_73_A_COREBINDING;ASP_112_B_COREBINDING;GLN_113_B_COREBINDING;GLN_40_A_COREBINDING;GLU_115_B_COREBINDING;HIS_116_B_COREBINDING;LEU_47_A_COREBINDING;MET_123_B_COREBINDING;THR_119_B_COREBINDING;THR_69_A_COREBINDING;THR_70_A_COREBINDING;TRP_77_A_COREBINDING,SAKIDNLD,0.969333333333333,-1,,99999996,SER_1_Y_C;ALA_2_Y_C;LYS_3_Y_C;ILE_4_Y_C;ASP_5_Y_C;ASN_6_Y_C;LEU_7_Y_C;ASP_8_Y_C,"CRYSTAL STRUCTURES OF NOVEL ALLOSTERIC PEPTIDE INHIBITORS OF HIV 2 INTEGRASE IN THE LEDGF BINDING SITE"
3AVA_AB_Y_24_1.pdb,3AVA,21850718,1.70,P12497,PF00665,3.30.420.10,AB,300,Y,8,ALKIDNLD,CCBTTBTC,13100014,24,1,16,CCCCCCCC,8,0,A:0;D:0;E:0;H:0;L:0;M:0;Q:0;T:0;W:0,A:0;D:0;E:0;H:0;L:0;M:0;Q:0;T:0;W:0,D:1;E:1;G:8;H:3;I:2;K:10;P:4;Q:8;R:2;S:4;T:5;W:2;Y:3,A:26;C:4;D:10;E:18;F:6;G:16;H:8;I:26;K:12;L:15;M:3;N:10;P:6;Q:8;R:6;S:12;T:12;V:26;W:5;Y:5,G:0;H:0;T:0,G:0;H:0;T:0,B:2;C:10;E:4;G:2;H:22;T:13,B:2;C:24;E:55;G:2;H:122;T:29,24_1,A:2;D:1;E:1;H:1;L:1;M:1;Q:2;T:3;W:1,G:2;H:8;T:3,A:0;D:0;E:0;H:0;L:0;M:0;Q:0;T:0;W:0,G:0;H:0;T:0,88666678,ALA_114_B_COREBINDING;ALA_73_A_COREBINDING;ASP_112_B_COREBINDING;GLN_113_B_COREBINDING;GLN_40_A_COREBINDING;GLU_115_B_COREBINDING;HIS_116_B_COREBINDING;LEU_47_A_COREBINDING;MET_123_B_COREBINDING;THR_119_B_COREBINDING;THR_69_A_COREBINDING;THR_70_A_COREBINDING;TRP_77_A_COREBINDING,ALKIDNLD,0.969333333333333,-1,,99999999,ALA_1_Y_C;LEU_2_Y_C;LYS_3_Y_C;ILE_4_Y_C;ASP_5_Y_C;ASN_6_Y_C;LEU_7_Y_C;ASP_8_Y_C,"CRYSTAL STRUCTURES OF NOVEL ALLOSTERIC PEPTIDE INHIBITORS OF HIV 2 INTEGRASE IN THE LEDGF BINDING SITE"
3AVB_AB_Y_24_1.pdb,3AVB,21850718,1.85,P12497,PF00665,3.30.420.10,AB,299,Y,8,SLKIDNLD,CCBTTBTC,14100014,24,1,16,CCCCCCCC,8,0,A:0;D:0;E:0;H:0;L:0;M:0;Q:0;T:0;W:0,A:0;D:0;E:0;H:0;L:0;M:0;Q:0;T:0;W:0,D:1;E:1;G:8;H:3;I:2;K:9;P:4;Q:8;R:2;S:4;T:5;W:2;Y:3,A:26;C:4;D:10;E:18;F:6;G:16;H:8;I:26;K:13;L:15;M:3;N:10;P:6;Q:8;R:6;S:11;T:12;V:26;W:5;Y:5,G:0;H:0;T:0,G:0;H:0;T:0,B:2;C:8;E:4;G:2;H:22;T:14,B:2;C:19;E:56;G:2;H:124;T:31,24_1,A:2;D:1;E:1;H:1;L:1;M:1;Q:2;T:3;W:1,G:2;H:8;T:3,A:0;D:0;E:0;H:0;L:0;M:0;Q:0;T:0;W:0,G:0;H:0;T:0,98666778,ALA_113_B_COREBINDING;ALA_73_A_COREBINDING;ASP_111_B_COREBINDING;GLN_112_B_COREBINDING;GLN_40_A_COREBINDING;GLU_114_B_COREBINDING;HIS_115_B_COREBINDING;LEU_47_A_COREBINDING;MET_122_B_COREBINDING;THR_118_B_COREBINDING;THR_69_A_COREBINDING;THR_70_A_COREBINDING;TRP_77_A_COREBINDING,SLKIDNLD,0.971684875510962,-1,,99999999,SER_1_Y_C;LEU_2_Y_C;LYS_3_Y_C;ILE_4_Y_C;ASP_5_Y_C;ASN_6_Y_C;LEU_7_Y_C;ASP_8_Y_C,"CRYSTAL STRUCTURES OF NOVEL ALLOSTERIC PEPTIDE INHIBITORS OF HIV 2 INTEGRASE IN THE LEDGF BINDING SITE"
3AVC_AB_F_24_1.pdb,3AVC,21850718,1.77,P12497,PF00665,3.30.420.10,AB,298,F,8,SDKIDNLD,CCBTTBTC,23100014,24,1,16,CCCCCCCC,8,0,A:0;D:0;E:0;H:0;M:0;Q:0;T:0;W:0,A:0;D:0;E:0;H:0;M:0;Q:0;T:0;W:0,D:1;E:1;G:8;H:3;I:1;K:10;P:4;Q:10;R:2;S:4;T:5;W:2;Y:4,A:26;C:4;D:10;E:18;F:6;G:16;H:8;I:27;K:12;L:16;M:3;N:10;P:6;Q:6;R:6;S:10;T:12;V:26;W:5;Y:4,G:0;H:0;T:0,G:0;H:0;T:0,B:2;C:7;E:4;G:2;H:24;T:16,B:2;C:24;E:55;G:2;H:122;T:26,24_1,A:2;D:1;E:1;H:1;M:1;Q:2;T:3;W:1,G:2;H:7;T:3,A:0;D:0;E:0;H:0;M:0;Q:0;T:0;W:0,G:0;H:0;T:0,98666769,ALA_113_A_COREBINDING;ALA_72_B_COREBINDING;ASP_111_A_COREBINDING;GLN_112_A_COREBINDING;GLN_39_B_COREBINDING;GLU_114_A_COREBINDING;HIS_115_A_COREBINDING;MET_122_A_COREBINDING;THR_118_A_COREBINDING;THR_68_B_COREBINDING;THR_69_B_COREBINDING;TRP_76_B_COREBINDING,SDKIDNLD,0.9731618245257,-1,,99999999,SER_1_F_C;ASP_2_F_C;LYS_3_F_C;ILE_4_F_C;ASP_5_F_C;ASN_6_F_C;LEU_7_F_C;ASP_8_F_C,"CRYSTAL STRUCTURES OF NOVEL ALLOSTERIC PEPTIDE INHIBITORS OF HIV 2 INTEGRASE IN THE LEDGF BINDING SITE"
3AVF_BA_F_24_1.pdb,3AVF,21850718,1.70,P12497,PF00665,3.30.420.10,BA,299,F,8,DLKIDNLD,CCBTTBTC,13100014,24,1,16,CCCCCCCC,8,0,A:0;D:0;E:0;H:0;M:0;Q:0;T:0;W:0,A:0;D:0;E:0;H:0;M:0;Q:0;T:0;W:0,D:1;E:1;G:8;H:3;I:1;K:9;P:4;Q:8;R:2;S:4;T:4;W:2;Y:4,A:26;C:4;D:10;E:18;F:6;G:16;H:8;I:27;K:13;L:16;M:3;N:10;P:6;Q:8;R:6;S:11;T:13;V:26;W:5;Y:4,G:0;H:0;T:0,G:0;H:0;T:0,B:2;C:6;E:4;G:2;H:21;T:16,B:2;C:23;E:55;G:2;H:124;T:30,24_1,A:2;D:1;E:1;H:1;M:1;Q:2;T:3;W:1,G:2;H:7;T:3,A:0;D:0;E:0;H:0;M:0;Q:0;T:0;W:0,G:0;H:0;T:0,97666769,ALA_114_B_COREBINDING;ALA_72_A_COREBINDING;ASP_112_B_COREBINDING;GLN_113_B_COREBINDING;GLN_39_A_COREBINDING;GLU_115_B_COREBINDING;HIS_116_B_COREBINDING;MET_123_B_COREBINDING;THR_119_B_COREBINDING;THR_68_A_COREBINDING;THR_69_A_COREBINDING;TRP_76_A_COREBINDING,DLKIDNLD,0.971684875510962,-1,,99999999,ASP_1_F_C;LEU_2_F_C;LYS_3_F_C;ILE_4_F_C;ASP_5_F_C;ASN_6_F_C;LEU_7_F_C;ASP_8_F_C,"CRYSTAL STRUCTURES OF NOVEL ALLOSTERIC PEPTIDE INHIBITORS OF HIV 2 INTEGRASE IN THE LEDGF BINDING SITE"
3AVG_AB_F_24_1.pdb,3AVG,21850718,1.70,P12497,PF00665,3.30.420.10,AB,298,F,8,ADKIDNLD,CCBTTBTC,23100014,24,1,16,CCCCCCCC,8,0,A:0;D:0;E:0;H:0;L:0;M:0;Q:0;T:0;W:0,A:0;D:0;E:0;H:0;L:0;M:0;Q:0;T:0;W:0,D:1;E:1;G:10;H:3;I:2;K:9;P:4;Q:8;R:2;S:4;T:5;W:2;Y:4,A:26;C:4;D:10;E:18;F:6;G:14;H:8;I:26;K:13;L:15;M:3;N:10;P:6;Q:8;R:6;S:10;T:12;V:26;W:5;Y:4,C:0;G:0;H:0,C:0;G:0;H:0,B:2;C:9;E:4;G:2;H:24;T:14,B:2;C:27;E:54;G:2;H:120;T:25,24_1,A:2;D:1;E:1;H:1;L:1;M:1;Q:2;T:3;W:1,C:3;G:2;H:8,A:0;D:0;E:0;H:0;L:0;M:0;Q:0;T:0;W:0,C:0;G:0;H:0,98666769,ALA_113_A_COREBINDING;ALA_72_B_COREBINDING;ASP_111_A_COREBINDING;GLN_112_A_COREBINDING;GLN_39_B_COREBINDING;GLU_114_A_COREBINDING;HIS_115_A_COREBINDING;LEU_46_B_COREBINDING;MET_122_A_COREBINDING;THR_118_A_COREBINDING;THR_68_B_COREBINDING;THR_69_B_COREBINDING;TRP_76_B_COREBINDING,ADKIDNLD,0.9731618245257,-1,,99999999,ALA_1_F_C;ASP_2_F_C;LYS_3_F_C;ILE_4_F_C;ASP_5_F_C;ASN_6_F_C;LEU_7_F_C;ASP_8_F_C,"CRYSTAL STRUCTURES OF NOVEL ALLOSTERIC PEPTIDE INHIBITORS OF HIV 2 INTEGRASE IN THE LEDGF BINDING SITE"
3AVH_AB_F_24_1.pdb,3AVH,21850718,1.88,P12497,PF00665,3.30.420.10,AB,298,F,8,ARKIDNLD,CCBTTBTC,24100014,24,1,16,CCCCCCCC,8,0,A:0;D:0;E:0;H:0;M:0;Q:0;T:0;W:0,A:0;D:0;E:0;H:0;M:0;Q:0;T:0;W:0,D:1;E:1;G:9;H:3;K:10;P:4;Q:8;R:2;S:4;T:5;W:2;Y:4,A:26;C:4;D:10;E:18;F:6;G:15;H:8;I:28;K:12;L:16;M:3;N:10;P:6;Q:8;R:6;S:10;T:12;V:26;W:5;Y:4,C:0;G:0;H:0,C:0;G:0;H:0,B:2;C:8;E:4;G:2;H:23;T:14,B:2;C:24;E:56;G:2;H:124;T:25,24_1,A:2;D:1;E:1;H:1;M:1;Q:2;T:3;W:1,C:3;G:2;H:7,A:0;D:0;E:0;H:0;M:0;Q:0;T:0;W:0,C:0;G:0;H:0,98656769,ALA_113_A_COREBINDING;ALA_72_B_COREBINDING;ASP_111_A_COREBINDING;GLN_112_A_COREBINDING;GLN_39_B_COREBINDING;GLU_114_A_COREBINDING;HIS_115_A_COREBINDING;MET_122_A_COREBINDING;THR_118_A_COREBINDING;THR_68_B_COREBINDING;THR_69_B_COREBINDING;TRP_76_B_COREBINDING,ARKIDNLD,0.9731618245257,-1,,99999999,ALA_1_F_C;ARG_2_F_C;LYS_3_F_C;ILE_4_F_C;ASP_5_F_C;ASN_6_F_C;LEU_7_F_C;ASP_8_F_C,"CRYSTAL STRUCTURES OF NOVEL ALLOSTERIC PEPTIDE INHIBITORS OF HIV 2 INTEGRASE IN THE LEDGF BINDING SITE"
3AVI_AB_D_24_1.pdb,3AVI,21850718,1.70,P03366,PF00665,3.30.420.10,AB,298,D,8,SLKIDNMD,CCBTTBTC,13100014,24,1,16,CCCCCCCC,8,0,A:0;D:0;E:0;H:0;L:0;M:0;Q:0;T:0;W:0,A:0;D:0;E:0;H:0;L:0;M:0;Q:0;T:0;W:0,D:1;E:1;G:8;H:2;I:1;K:12;P:4;Q:8;R:2;S:4;T:5;W:2;Y:2,A:24;C:4;D:10;E:18;F:6;G:16;H:9;I:27;K:10;L:15;M:3;N:10;P:6;Q:8;R:6;S:10;T:12;V:26;W:5;Y:6,G:0;H:0;T:0,G:0;H:0;T:0,B:2;C:9;E:4;G:2;H:22;T:13,B:2;C:18;E:56;G:2;H:121;T:32,24_1,A:4;D:1;E:1;H:1;L:1;M:1;Q:2;T:3;W:1,G:2;H:10;T:3,A:0;D:0;E:0;H:0;L:0;M:0;Q:0;T:0;W:0,G:0;H:0;T:0,65544446,ALA_113_B_COREBINDING;ALA_42_A_COREBINDING;ALA_72_A_COREBINDING;ALA_73_A_COREBINDING;ASP_111_B_COREBINDING;GLN_112_B_COREBINDING;GLN_39_A_COREBINDING;GLU_114_B_COREBINDING;HIS_115_B_COREBINDING;LEU_46_A_COREBINDING;MET_122_B_COREBINDING;THR_118_B_COREBINDING;THR_68_A_COREBINDING;THR_69_A_COREBINDING;TRP_76_A_COREBINDING,SLKIDNMD,0.9731618245257,-1,,99999999,SER_1_D_C;LEU_2_D_C;LYS_3_D_C;ILE_4_D_C;ASP_5_D_C;ASN_6_D_C;MET_7_D_C;ASP_8_D_C,"CRYSTAL STRUCTURES OF NOVEL ALLOSTERIC PEPTIDE INHIBITORS OF HIV 2 INTEGRASE IN THE LEDGF BINDING SITE"
3AVJ_AB_F_24_1.pdb,3AVJ,21850718,1.70,P12497,PF00665,3.30.420.10,AB,298,F,8,ALKIDNMD,CCBTTBTC,23100014,24,1,16,CCCCCCCC,8,0,A:0;D:0;E:0;H:0;L:0;M:0;Q:0;T:0;W:0,A:0;D:0;E:0;H:0;L:0;M:0;Q:0;T:0;W:0,D:1;E:1;G:8;H:2;I:1;K:12;P:4;Q:8;R:2;S:4;T:4;W:2;Y:2,A:24;C:4;D:10;E:18;F:6;G:16;H:9;I:27;K:10;L:15;M:3;N:10;P:6;Q:8;R:6;S:10;T:13;V:26;W:5;Y:6,G:0;H:0;T:0,G:0;H:0;T:0,B:2;C:9;E:4;G:2;H:21;T:13,B:2;C:19;E:56;G:2;H:121;T:32,24_1,A:4;D:1;E:1;H:1;L:1;M:1;Q:2;T:3;W:1,G:2;H:10;T:3,A:0;D:0;E:0;H:0;L:0;M:0;Q:0;T:0;W:0,G:0;H:0;T:0,55544446,ALA_113_A_COREBINDING;ALA_42_B_COREBINDING;ALA_72_B_COREBINDING;ALA_73_B_COREBINDING;ASP_111_A_COREBINDING;GLN_112_A_COREBINDING;GLN_39_B_COREBINDING;GLU_114_A_COREBINDING;HIS_115_A_COREBINDING;LEU_46_B_COREBINDING;MET_122_A_COREBINDING;THR_118_A_COREBINDING;THR_68_B_COREBINDING;THR_69_B_COREBINDING;TRP_76_B_COREBINDING,ALKIDNMD,0.9731618245257,-1,,99999999,ALA_1_F_C;LEU_2_F_C;LYS_3_F_C;ILE_4_F_C;ASP_5_F_C;ASN_6_F_C;MET_7_F_C;ASP_8_F_C,"CRYSTAL STRUCTURES OF NOVEL ALLOSTERIC PEPTIDE INHIBITORS OF HIV 2 INTEGRASE IN THE LEDGF BINDING SITE"
3AVK_AB_F_24_1.pdb,3AVK,21850718,1.75,P12497,PF00665,3.30.420.10,AB,298,F,8,SLKIDNED,CCBTTBTC,13100004,24,1,16,CCCCCCCC,8,0,A:0;D:0;E:0;H:0;L:0;M:0;Q:0;T:0;W:0,A:0;D:0;E:0;H:0;L:0;M:0;Q:0;T:0;W:0,D:1;E:1;G:8;H:3;K:9;P:4;Q:8;R:2;S:4;T:5;W:2;Y:2,A:24;C:4;D:10;E:18;F:6;G:16;H:8;I:28;K:13;L:15;M:3;N:10;P:6;Q:8;R:6;S:10;T:12;V:26;W:5;Y:6,C:0;G:0;H:0,C:0;G:0;H:0,B:2;C:7;E:4;G:2;H:22;T:12,B:2;C:24;E:56;G:2;H:120;T:30,24_1,A:4;D:1;E:1;H:1;L:1;M:1;Q:2;T:3;W:1,C:3;G:2;H:10,A:0;D:0;E:0;H:0;L:0;M:0;Q:0;T:0;W:0,C:0;G:0;H:0,88656668,ALA_113_A_COREBINDING;ALA_42_B_COREBINDING;ALA_72_B_COREBINDING;ALA_73_B_COREBINDING;ASP_111_A_COREBINDING;GLN_112_A_COREBINDING;GLN_39_B_COREBINDING;GLU_114_A_COREBINDING;HIS_115_A_COREBINDING;LEU_46_B_COREBINDING;MET_122_A_COREBINDING;THR_118_A_COREBINDING;THR_68_B_COREBINDING;THR_69_B_COREBINDING;TRP_76_B_COREBINDING,SLKIDNED,0.9731618245257,-1,,99999999,SER_1_F_C;LEU_2_F_C;LYS_3_F_C;ILE_4_F_C;ASP_5_F_C;ASN_6_F_C;GLU_7_F_C;ASP_8_F_C,"CRYSTAL STRUCTURES OF NOVEL ALLOSTERIC PEPTIDE INHIBITORS OF HIV 2 INTEGRASE IN THE LEDGF BINDING SITE"
3AVL_AB_F_24_1.pdb,3AVL,21850718,1.88,P12497,PF00665,3.30.420.10,AB,298,F,8,ATKIDNLD,CCBTTBTC,13100014,24,1,16,CCCCCCCC,8,0,A:0;D:0;E:0;H:0;M:0;Q:0;T:0;W:0,A:0;D:0;E:0;H:0;M:0;Q:0;T:0;W:0,D:1;E:1;G:8;H:3;K:10;P:4;Q:8;R:2;S:4;T:5;W:2;Y:4,A:26;C:4;D:10;E:18;F:6;G:16;H:8;I:28;K:12;L:16;M:3;N:10;P:6;Q:8;R:6;S:10;T:12;V:26;W:5;Y:4,G:0;H:0;T:0,G:0;H:0;T:0,B:2;C:8;E:4;G:2;H:22;T:14,B:2;C:21;E:56;G:2;H:125;T:28,24_1,A:2;D:1;E:1;H:1;M:1;Q:2;T:3;W:1,G:2;H:7;T:3,A:0;D:0;E:0;H:0;M:0;Q:0;T:0;W:0,G:0;H:0;T:0,99776889,ALA_113_A_COREBINDING;ALA_72_B_COREBINDING;ASP_111_A_COREBINDING;GLN_112_A_COREBINDING;GLN_39_B_COREBINDING;GLU_114_A_COREBINDING;HIS_115_A_COREBINDING;MET_122_A_COREBINDING;THR_118_A_COREBINDING;THR_68_B_COREBINDING;THR_69_B_COREBINDING;TRP_76_B_COREBINDING,ATKIDNLD,0.9731618245257,-1,,99959999,ALA_1_F_C;THR_2_F_C;LYS_3_F_C;ILE_4_F_C;ASP_5_F_C;ASN_6_F_C;LEU_7_F_C;ASP_8_F_C,"CRYSTAL STRUCTURES OF NOVEL ALLOSTERIC PEPTIDE INHIBITORS OF HIV 2 INTEGRASE IN THE LEDGF BINDING SITE"
3AVM_AB_F_24_1.pdb,3AVM,21850718,1.88,P12497,PF00665,3.30.420.10,AB,298,F,8,SRKIDNLD,CCBTTBTC,24100014,24,1,16,CCCCCCCC,8,0,A:0;D:0;E:0;H:0;M:0;Q:0;T:0;W:0,A:0;D:0;E:0;H:0;M:0;Q:0;T:0;W:0,D:1;E:1;G:10;H:3;I:1;K:10;P:4;Q:8;R:2;S:4;T:5;W:2;Y:3,A:26;C:4;D:10;E:18;F:6;G:14;H:8;I:27;K:12;L:16;M:3;N:10;P:6;Q:8;R:6;S:10;T:12;V:26;W:5;Y:5,G:0;H:0;T:0,G:0;H:0;T:0,B:2;C:7;E:4;G:2;H:24;T:15,B:2;C:19;E:56;G:2;H:123;T:30,24_1,A:2;D:1;E:1;H:1;M:1;Q:2;T:3;W:1,G:2;H:7;T:3,A:0;D:0;E:0;H:0;M:0;Q:0;T:0;W:0,G:0;H:0;T:0,96666879,ALA_113_A_COREBINDING;ALA_72_B_COREBINDING;ASP_111_A_COREBINDING;GLN_112_A_COREBINDING;GLN_39_B_COREBINDING;GLU_114_A_COREBINDING;HIS_115_A_COREBINDING;MET_122_A_COREBINDING;THR_118_A_COREBINDING;THR_68_B_COREBINDING;THR_69_B_COREBINDING;TRP_76_B_COREBINDING,SRKIDNLD,0.9731618245257,-1,,99999999,SER_1_F_C;ARG_2_F_C;LYS_3_F_C;ILE_4_F_C;ASP_5_F_C;ASN_6_F_C;LEU_7_F_C;ASP_8_F_C,"CRYSTAL STRUCTURES OF NOVEL ALLOSTERIC PEPTIDE INHIBITORS OF HIV 2 INTEGRASE IN THE LEDGF BINDING SITE"
3AVN_AB_G_24_1.pdb,3AVN,21850718,2.10,P12497,PF00665,3.30.420.10,AB,298,G,8,SHKIDNLD,CCBTTBTC,23100014,24,1,16,CCCCCCCC,8,0,A:0;D:0;E:0;H:0;M:0;Q:0;T:0;W:0,A:0;D:0;E:0;H:0;M:0;Q:0;T:0;W:0,D:1;E:1;G:10;H:3;I:2;K:10;P:4;Q:8;R:2;S:4;T:5;W:2;Y:4,A:26;C:4;D:10;E:18;F:6;G:14;H:8;I:26;K:12;L:16;M:3;N:10;P:6;Q:8;R:6;S:10;T:12;V:26;W:5;Y:4,G:0;H:0;T:0,G:0;H:0;T:0,B:2;C:10;E:4;G:2;H:24;T:14,B:2;C:25;E:56;G:2;H:123;T:22,24_1,A:2;D:1;E:1;H:1;M:1;Q:2;T:3;W:1,G:2;H:7;T:3,A:0;D:0;E:0;H:0;M:0;Q:0;T:0;W:0,G:0;H:0;T:0,99766769,ALA_113_B_COREBINDING;ALA_72_A_COREBINDING;ASP_111_B_COREBINDING;GLN_112_B_COREBINDING;GLN_39_A_COREBINDING;GLU_114_B_COREBINDING;HIS_115_B_COREBINDING;MET_122_B_COREBINDING;THR_118_B_COREBINDING;THR_68_A_COREBINDING;THR_69_A_COREBINDING;TRP_76_A_COREBINDING,SHKIDNLD,0.9731618245257,-1,,99999999,SER_1_G_C;HIS_2_G_C;LYS_3_G_C;ILE_4_G_C;ASP_5_G_C;ASN_6_G_C;LEU_7_G_C;ASP_8_G_C,"CRYSTAL STRUCTURES OF NOVEL ALLOSTERIC PEPTIDE INHIBITORS OF HIV 2 INTEGRASE IN THE LEDGF BINDING SITE"
3WNE_AB_C_24_1.pdb,3WNE,,1.70,P12497,,3.30.420.10,AB,270,C,6,-PKIDN-G,-CTTTT-C,-41001-3,24,1,16,-CCCCC-C,6,0,A:0;D:0;E:0;H:0;M:0;Q:0;T:0;W:0,A:0;D:0;E:0;H:0;M:0;Q:0;T:0;W:0,A:2;D:4;E:3;G:9;H:1;K:12;N:2;P:2;Q:5;R:2;S:5;T:4,A:26;C:4;D:7;E:14;F:6;G:15;H:10;I:24;K:7;L:16;M:3;N:6;P:4;Q:6;R:8;S:5;T:12;V:24;W:5;Y:6,C:0;G:0;H:0,C:0;G:0;H:0,B:1;C:15;E:2;G:3;H:19;T:11,B:2;C:26;E:52;G:4;H:99;T:25,24_1,A:2;D:1;E:1;H:1;M:1;Q:2;T:2;W:1,C:3;G:2;H:6,A:0;D:0;E:0;H:0;M:0;Q:0;T:0;W:0,C:0;G:0;H:0,-99879-9,ALA_101_A_COREBINDING;ALA_72_B_COREBINDING;ASP_99_A_COREBINDING;GLN_100_A_COREBINDING;GLN_39_B_COREBINDING;GLU_102_A_COREBINDING;HIS_103_A_COREBINDING;MET_110_A_COREBINDING;THR_106_A_COREBINDING;THR_69_B_COREBINDING;TRP_76_B_COREBINDING,PKIDNG,0.88287586986275,-1,,-99999-9,PRO_1_C_C;LYS_2_C_C;ILE_3_C_C;ASP_4_C_C;ASN_5_C_C;GLY_6_C_C,"CYCLIC HEXAPEPTIDE PKIDNG IN COMPLEX WITH HIV1 INTEGRASE"
3WNF_AB_D_24_1.pdb,3WNF,,1.45,P12497,,3.30.420.10,AB,267,D,6,-CKIDNC-,-CBTTBC-,-310011-,24,1,16,-CCCCCC-,6,0,A:0;D:0;E:0;H:0;L:0;M:0;Q:0;R:0;T:0;W:0,A:0;D:0;E:0;H:0;L:0;M:0;Q:0;R:0;T:0;W:0,A:1;D:5;E:2;G:8;H:1;K:11;N:2;P:2;Q:5;R:2;S:6;T:4;Y:1,A:24;C:4;D:6;E:14;F:6;G:14;H:10;I:24;K:8;L:15;M:3;N:6;P:4;Q:6;R:7;S:4;T:12;V:24;W:5;Y:5,C:0;G:0;H:0,C:0;G:0;H:0,B:2;C:13;E:1;G:2;H:18;T:14,B:2;C:19;E:51;G:2;H:97;T:30,24_1,A:5;D:1;E:1;H:1;L:1;M:1;Q:2;R:1;T:2;W:1,C:3;G:2;H:11,A:0;D:0;E:0;H:0;L:0;M:0;Q:0;R:0;T:0;W:0,C:0;G:0;H:0,-866566-,ALA_42_A_COREBINDING;ALA_68_A_COREBINDING;ALA_72_A_COREBINDING;ALA_73_A_COREBINDING;ALA_99_B_COREBINDING;ARG_71_A_COREBINDING;ASP_97_B_COREBINDING;GLN_39_A_COREBINDING;GLN_98_B_COREBINDING;GLU_100_B_COREBINDING;HIS_101_B_COREBINDING;LEU_46_A_COREBINDING;MET_108_B_COREBINDING;THR_104_B_COREBINDING;THR_69_A_COREBINDING;TRP_76_A_COREBINDING,CKIDNC,0.878838387391209,-1,,-999999-,CYS_1_D_C;LYS_2_D_C;ILE_3_D_C;ASP_4_D_C;ASN_5_D_C;CYS_6_D_C,"CYCLIC HEXAPEPTIDE CKIDNC IN COMPLEX WITH HIV1 INTEGRASE"
3WNG_AB_C_24_1.pdb,3WNG,,1.75,P12497,,3.30.420.10,AB,274,C,5,-PKIDN--,-CCCCC--,-51002--,24,1,16,-CCCCC--,5,0,A:0;D:0;E:0;H:0;M:0;Q:0;R:0;T:0;W:0,A:0;D:0;E:0;H:0;M:0;Q:0;R:0;T:0;W:0,A:2;D:5;E:3;G:9;H:2;K:13;N:2;P:2;Q:7;R:2;S:6;T:4,A:26;C:4;D:6;E:14;F:6;G:15;H:9;I:25;K:7;L:16;M:3;N:6;P:4;Q:5;R:7;S:5;T:12;V:24;W:5;Y:6,C:0;G:0;H:0,C:0;G:0;H:0,B:3;C:20;E:1;G:3;H:19;T:11,B:1;C:18;E:51;G:3;H:103;T:29,24_1,A:2;D:1;E:1;H:1;M:1;Q:2;R:1;T:2;W:1,C:3;G:3;H:6,A:0;D:0;E:0;H:0;M:0;Q:0;R:0;T:0;W:0,C:0;G:0;H:0,-87557--,ALA_101_B_COREBINDING;ALA_72_A_COREBINDING;ARG_98_B_COREBINDING;ASP_99_B_COREBINDING;GLN_100_B_COREBINDING;GLN_39_A_COREBINDING;GLU_102_B_COREBINDING;HIS_103_B_COREBINDING;MET_110_B_COREBINDING;THR_106_B_COREBINDING;THR_69_A_COREBINDING;TRP_76_A_COREBINDING,PKIDN,0.8938270546001,-1,,-99999--,PRO_1_C_C;LYS_2_C_C;ILE_3_C_C;ASP_4_C_C;ASN_5_C_C,"CYCLIC HEXAPEPTIDE PKIDNP IN COMPLEX WITH HIV1 INTEGRASE"
